{
    "1": {
        "1": {
            "word_matches_machine": 133,
            "word_matches_handwritten": 7,
            "letter_matches_machine": 971,
            "letter_matches_handwritten": 71,
            "word_count_machine": 137,
            "word_count_handwritten": 12,
            "letter_count_machine": 973,
            "letter_count_handwritten": 86,
            "word_rebuilding_machine": {},
            "word_splitting_machine": {
                "daraufbefindlichen": [
                    [
                        "darauf",
                        "befindlichen"
                    ],
                    [
                        "darauf",
                        "befindlichen"
                    ]
                ]
            },
            "word_rebuilding_handwritten": {
                "Hauptstraße": [
                    "HanptstraBe"
                ],
                "Schneider": [
                    "Sdmer"
                ],
                "01.03.2023": [
                    "on03.2023",
                    "OA03.2023"
                ],
                "Klinger": [
                    "Kinger"
                ]
            },
            "word_splitting_handwritten": {},
            "remaining_words": [
                {
                    "word": "dos",
                    "confidence": 50.051544189453125
                }
            ],
            "machine_tuples": [
                [
                    1,
                    97.5943832397461
                ],
                [
                    1,
                    98.7796401977539
                ],
                [
                    1,
                    97.10391998291016
                ],
                [
                    1,
                    99.83639526367188
                ],
                [
                    1,
                    99.60387420654297
                ],
                [
                    1,
                    66.63011932373047
                ],
                [
                    1,
                    92.39059448242188
                ],
                [
                    1,
                    99.67435455322266
                ],
                [
                    1,
                    99.18692779541016
                ],
                [
                    1,
                    98.93595123291016
                ],
                [
                    1,
                    99.70206451416016
                ],
                [
                    1,
                    99.95447540283203
                ],
                [
                    1,
                    99.4153823852539
                ],
                [
                    1,
                    99.90184020996094
                ],
                [
                    1,
                    99.9329833984375
                ],
                [
                    1,
                    97.5638198852539
                ],
                [
                    1,
                    99.90522766113281
                ],
                [
                    1,
                    86.81105041503906
                ],
                [
                    1,
                    89.90657043457031
                ],
                [
                    1,
                    99.85574340820312
                ],
                [
                    1,
                    99.88356018066406
                ],
                [
                    1,
                    99.69581604003906
                ],
                [
                    1,
                    99.76917266845703
                ],
                [
                    1,
                    98.53382873535156
                ],
                [
                    1,
                    99.93010711669922
                ],
                [
                    1,
                    99.8371353149414
                ],
                [
                    1,
                    99.7183837890625
                ],
                [
                    1,
                    98.0907974243164
                ],
                [
                    1,
                    99.77660369873047
                ],
                [
                    1,
                    95.86967468261719
                ],
                [
                    1,
                    99.97647094726562
                ],
                [
                    1,
                    99.91231536865234
                ],
                [
                    1,
                    98.67945861816406
                ],
                [
                    1,
                    99.89990234375
                ],
                [
                    1,
                    89.61141967773438
                ],
                [
                    1,
                    99.88424682617188
                ],
                [
                    1,
                    93.44461059570312
                ],
                [
                    1,
                    99.77597045898438
                ],
                [
                    1,
                    99.60726165771484
                ],
                [
                    1,
                    96.24569702148438
                ],
                [
                    1,
                    99.89300537109375
                ],
                [
                    1,
                    99.88484191894531
                ],
                [
                    1,
                    96.5755844116211
                ],
                [
                    1,
                    99.80720520019531
                ],
                [
                    1,
                    99.11331176757812
                ],
                [
                    1,
                    99.2708969116211
                ],
                [
                    1,
                    97.69786834716797
                ],
                [
                    1,
                    99.62767791748047
                ],
                [
                    1,
                    99.2010498046875
                ],
                [
                    1,
                    97.8594741821289
                ],
                [
                    1,
                    94.07957458496094
                ],
                [
                    1,
                    93.75322723388672
                ],
                [
                    1,
                    98.88091278076172
                ],
                [
                    1,
                    99.58297729492188
                ],
                [
                    1,
                    99.97137451171875
                ],
                [
                    1,
                    99.87556457519531
                ],
                [
                    1,
                    99.96330261230469
                ],
                [
                    1,
                    99.89298248291016
                ],
                [
                    1,
                    98.4909439086914
                ],
                [
                    1,
                    99.8961181640625
                ],
                [
                    1,
                    96.76371765136719
                ],
                [
                    1,
                    98.58478546142578
                ],
                [
                    1,
                    99.8278579711914
                ],
                [
                    1,
                    98.40106201171875
                ],
                [
                    1,
                    99.7611312866211
                ],
                [
                    1,
                    99.71930694580078
                ],
                [
                    1,
                    98.13753509521484
                ],
                [
